{
  "Andorra": [
    42.50779,
    1.52109
  ],
  "United Arab Emirates": [
    24.45118,
    54.39696
  ],
  "Afghanistan": [
    34.52813,
    69.17233
  ],
  "Antigua and Barbuda": [
    47.56494,
    -52.70931
  ],
  "Anguilla": [
    18.21704,
    -63.05783
  ],
  "Albania": [
    41.32744,
    19.81866
  ],
  "Armenia": [
    40.17765,
    44.5126
  ],
  "Angola": [
    -8.83682,
    13.23432
  ],
  "Argentina": [
    -34.61315,
    -58.37723
  ],
  "American Samoa": [
    -14.27806,
    -170.7025
  ],
  "Austria": [
    48.20849,
    16.37208
  ],
  "Australia": [
    -35.28346,
    149.12807
  ],
  "Aruba": [
    12.52398,
    -70.02703
  ],
  "Aland Islands": [
    60.09726,
    19.93481
  ],
  "Azerbaijan": [
    40.37767,
    49.89201
  ],
  "Bosnia and Herzegovina": [
    43.84864,
    18.35644
  ],
  "Barbados": [
    13.10732,
    -59.62021
  ],
  "Bangladesh": [
    23.7104,
    90.40744
  ],
  "Belgium": [
    50.85045,
    4.34878
  ],
  "Burkina Faso": [
    12.36566,
    -1.53388
  ],
  "Bulgaria": [
    42.69751,
    23.32415
  ],
  "Bahrain": [
    26.22787,
    50.58565
  ],
  "Burundi": [
    -3.42708,
    29.92463
  ],
  "Benin": [
    6.49646,
    2.60359
  ],
  "Saint Barthelemy": [
    17.89618,
    -62.84978
  ],
  "Bermuda": [
    43.25011,
    -79.84963
  ],
  "Brunei": [
    4.89035,
    114.94006
  ],
  "Bolivia": [
    -19.03332,
    -65.26274
  ],
  "Bahamas": [
    25.05823,
    -77.34306
  ],
  "Bhutan": [
    27.46609,
    89.64191
  ],
  "Botswana": [
    -24.65451,
    25.90859
  ],
  "Belarus": [
    53.90019,
    27.56653
  ],
  "Belize": [
    17.25376,
    -88.76401
  ],
  "Canada": [
    45.41117,
    -75.69812
  ],
  "Cocos Islands": [
    -12.15681,
    96.82251
  ],
  "Democratic Republic of the Congo": [
    -4.32758,
    15.31357
  ],
  "Central African Republic": [
    4.36122,
    18.55496
  ],
  "Republic of the Congo": [
    -4.26613,
    15.28318
  ],
  "Switzerland": [
    46.94809,
    7.44744
  ],
  "Ivory Coast": [
    6.82055,
    -5.27674
  ],
  "Cook Islands": [
    -21.2075,
    -159.77546
  ],
  "Chile": [
    -33.45694,
    -70.64827
  ],
  "China": [
    39.9075,
    116.39723
  ],
  "Costa Rica": [
    37.33939,
    -121.89496
  ],
  "Cuba": [
    23.13302,
    -82.38304
  ],
  "Cabo Verde": [
    14.93152,
    -23.51254
  ],
  "Curacao": [
    12.12246,
    -68.88641
  ],
  "Christmas Island": [
    -10.42172,
    105.67912
  ],
  "Cyprus": [
    35.17284,
    33.35397
  ],
  "Czechia": [
    50.08804,
    14.42076
  ],
  "Germany": [
    52.52437,
    13.41053
  ],
  "Djibouti": [
    11.58901,
    43.14503
  ],
  "Denmark": [
    55.67594,
    12.56553
  ],
  "Dominica": [
    15.30174,
    -61.38808
  ],
  "Dominican Republic": [
    18.47186,
    -69.89232
  ],
  "Algeria": [
    36.73225,
    3.08746
  ],
  "Ecuador": [
    -0.22985,
    -78.52495
  ],
  "Estonia": [
    59.43696,
    24.75353
  ],
  "Egypt": [
    30.06263,
    31.24967
  ],
  "Eritrea": [
    15.33805,
    38.93184
  ],
  "Spain": [
    40.4165,
    -3.70256
  ],
  "Ethiopia": [
    9.02497,
    38.74689
  ],
  "Finland": [
    60.16952,
    24.93545
  ],
  "Fiji": [
    -18.13683,
    178.42531
  ],
  "Falkland Islands": [
    54.86796,
    -1.69846
  ],
  "Micronesia": [
    6.92477,
    158.16109
  ],
  "France": [
    48.85341,
    2.3488
  ],
  "Gabon": [
    0.39241,
    9.45356
  ],
  "United Kingdom": [
    51.50853,
    -0.12574
  ],
  "Georgia": [
    41.69143,
    44.83412
  ],
  "French Guiana": [
    4.9381,
    -52.33455
  ],
  "Ghana": [
    5.55602,
    -0.1969
  ],
  "Gibraltar": [
    36.14474,
    -5.35257
  ],
  "Greenland": [
    64.18347,
    -51.72157
  ],
  "Gambia": [
    13.45274,
    -16.57803
  ],
  "Guinea": [
    9.53795,
    -13.67729
  ],
  "Guadeloupe": [
    15.99714,
    -61.73214
  ],
  "Equatorial Guinea": [
    3.75578,
    8.78166
  ],
  "Greece": [
    37.98376,
    23.72784
  ],
  "South Georgia and the South Sandwich Islands": [
    -54.28111,
    -36.5092
  ],
  "Guatemala": [
    14.64072,
    -90.51327
  ],
  "Guinea-Bissau": [
    11.86357,
    -15.59767
  ],
  "Guyana": [
    6.80448,
    -58.15527
  ],
  "Hong Kong": [
    22.27832,
    114.17469
  ],
  "Honduras": [
    14.0818,
    -87.20681
  ],
  "Croatia": [
    45.81444,
    15.97798
  ],
  "Haiti": [
    18.54349,
    -72.33881
  ],
  "Hungary": [
    47.49835,
    19.04045
  ],
  "Indonesia": [
    -6.21462,
    106.84513
  ],
  "Ireland": [
    53.33306,
    -6.24889
  ],
  "Israel": [
    31.76904,
    35.21633
  ],
  "Isle of Man": [
    51.87444,
    -8.435
  ],
  "India": [
    28.62137,
    77.2148
  ],
  "Iraq": [
    33.34058,
    44.40088
  ],
  "Iran": [
    35.69439,
    51.42151
  ],
  "Italy": [
    41.89193,
    12.51133
  ],
  "Jersey": [
    49.18804,
    -2.10491
  ],
  "Jamaica": [
    17.99702,
    -76.79358
  ],
  "Jordan": [
    31.95522,
    35.94503
  ],
  "Japan": [
    35.6895,
    139.69171
  ],
  "Kenya": [
    -1.28333,
    36.81667
  ],
  "Kyrgyzstan": [
    42.87,
    74.59
  ],
  "Cambodia": [
    11.56245,
    104.91601
  ],
  "Kiribati": [
    1.3278,
    172.97696
  ],
  "Comoros": [
    -11.70216,
    43.25506
  ],
  "Saint Kitts and Nevis": [
    17.2955,
    -62.72499
  ],
  "North Korea": [
    39.03385,
    125.75432
  ],
  "South Korea": [
    37.566,
    126.9784
  ],
  "Kosovo": [
    42.67272,
    21.16688
  ],
  "Kuwait": [
    29.367,
    47.97429
  ],
  "Cayman Islands": [
    5.41123,
    100.33543
  ],
  "Laos": [
    17.96667,
    102.6
  ],
  "Lebanon": [
    33.89332,
    35.50157
  ],
  "Saint Lucia": [
    13.9957,
    -61.00614
  ],
  "Liechtenstein": [
    47.14151,
    9.52154
  ],
  "Sri Lanka": [
    6.93548,
    79.84868
  ],
  "Liberia": [
    6.30054,
    -10.7969
  ],
  "Lesotho": [
    -29.31667,
    27.48333
  ],
  "Lithuania": [
    54.68916,
    25.2798
  ],
  "Luxembourg": [
    49.60982,
    6.13268
  ],
  "Latvia": [
    56.946,
    24.10589
  ],
  "Libya": [
    32.88743,
    13.18733
  ],
  "Morocco": [
    34.01325,
    -6.83255
  ],
  "Monaco": [
    43.73718,
    7.42145
  ],
  "Moldova": [
    47.00902,
    28.85938
  ],
  "Montenegro": [
    42.44124,
    19.26309
  ],
  "Saint Martin": [
    18.06819,
    -63.08302
  ],
  "Madagascar": [
    -18.91368,
    47.53613
  ],
  "Marshall Islands": [
    7.08971,
    171.38027
  ],
  "North Macedonia": [
    41.99646,
    21.43141
  ],
  "Mali": [
    12.60915,
    -7.97522
  ],
  "Myanmar": [
    19.745,
    96.12972
  ],
  "Northern Mariana Islands": [
    15.21233,
    145.7545
  ],
  "Martinique": [
    14.60365,
    -61.07418
  ],
  "Mauritania": [
    18.08581,
    -15.9785
  ],
  "Montserrat": [
    50.37153,
    -4.14305
  ],
  "Malta": [
    35.89968,
    14.5148
  ],
  "Mauritius": [
    -20.16194,
    57.49889
  ],
  "Maldives": [
    4.17521,
    73.50916
  ],
  "Malawi": [
    -13.96692,
    33.78725
  ],
  "Mexico": [
    19.42847,
    -99.12766
  ],
  "Malaysia": [
    3.1412,
    101.68653
  ],
  "Mozambique": [
    -25.96553,
    32.58322
  ],
  "Namibia": [
    -22.55941,
    17.08323
  ],
  "Niger": [
    13.51366,
    2.1098
  ],
  "Norfolk Island": [
    17.99702,
    -76.79358
  ],
  "Nigeria": [
    9.05785,
    7.49508
  ],
  "Nicaragua": [
    12.13282,
    -86.2504
  ],
  "The Netherlands": [
    52.37403,
    4.88969
  ],
  "Norway": [
    59.91273,
    10.74609
  ],